{"_class":"page","do_objectID":"8723E341-34DF-4AED-9226-806449DFA0CC","exportOptions":{"_class":"exportOptions","exportFormats":[],"includedLayerIds":[],"layerOptions":0,"shouldTrim":false},"frame":{"_class":"rect","constrainProportions":false,"height":300,"width":300,"x":0,"y":0},"isFlippedHorizontal":false,"isFlippedVertical":false,"isLocked":false,"isVisible":true,"layerListExpandedType":0,"name":"Page 1","nameIsFixed":false,"resizingType":0,"rotation":0,"shouldBreakMaskChain":false,"style":{"_class":"style","endDecorationType":0,"miterLimit":10,"startDecorationType":0},"hasClickThrough":true,"layers":[{"_class":"group","do_objectID":"5005472C-76DD-490E-91BF-5813ED8D6FCD","exportOptions":{"_class":"exportOptions","exportFormats":[],"includedLayerIds":[],"layerOptions":0,"shouldTrim":false},"frame":{"_class":"rect","constrainProportions":true,"height":462,"width":270,"x":-1246,"y":142},"isFlippedHorizontal":false,"isFlippedVertical":false,"isLocked":false,"isVisible":true,"layerListExpandedType":0,"name":"letters-a-n","nameIsFixed":false,"resizingType":0,"rotation":0,"shouldBreakMaskChain":false,"userInfo":{"com.animaapp.stc-sketch-plugin":{"kModelPropertiesKey":{"constraints":{"model_version":0.1,"aspectRatio":{"constant":462,"model_version":0.1,"enabled":1,"modelID":"constraint_41783b3e-7078-47a9-bae3-4e9a9404d44e","model_class":"ADModelConstraint","multiplier":270},"modelID":"viewConstraints_48921d6c-b506-4652-8107-e00347c342ff","model_class":"ADModelViewConstraints","automatic":1}}}},"style":{"_class":"style","endDecorationType":0,"miterLimit":10,"startDecorationType":0},"hasClickThrough":false,"layers":[{"_class":"group","do_objectID":"865C275F-8176-4CAD-AD22-1858FE622CD0","exportOptions":{"_class":"exportOptions","exportFormats":[],"includedLayerIds":[],"layerOptions":0,"shouldTrim":false},"frame":{"_class":"rect","constrainProportions":true,"height":52,"width":270,"x":0,"y":0},"isFlippedHorizontal":false,"isFlippedVertical":false,"isLocked":false,"isVisible":true,"layerListExpandedType":1,"name":"row-1","nameIsFixed":false,"resizingType":0,"rotation":0,"shouldBreakMaskChain":false,"userInfo":{"com.animaapp.stc-sketch-plugin":{"kModelPropertiesKey":{"constraints":{"model_version":0.1,"aspectRatio":{"constant":52,"model_version":0.1,"enabled":1,"modelID":"constraint_4344a920-0645-4e28-9cfb-9c226bd727ec","model_class":"ADModelConstraint","multiplier":270},"modelID":"viewConstraints_a418d4e0-0c11-4507-8b3c-edc41579022d","model_class":"ADModelViewConstraints","automatic":1}}}},"style":{"_class":"style","endDecorationType":0,"miterLimit":10,"startDecorationType":0},"hasClickThrough":false,"layers":[{"_class":"symbolInstance","do_objectID":"B26F1A89-1714-435A-BF11-FC90E400A90A","exportOptions":{"_class":"exportOptions","exportFormats":[],"includedLayerIds":[],"layerOptions":0,"shouldTrim":false},"frame":{"_class":"rect","constrainProportions":true,"height":51.85185185185185,"width":70,"x":0,"y":0},"isFlippedHorizontal":false,"isFlippedVertical":false,"isLocked":false,"isVisible":true,"layerListExpandedType":0,"name":"A","nameIsFixed":false,"resizingType":0,"rotation":0,"shouldBreakMaskChain":false,"userInfo":{"com.animaapp.stc-sketch-plugin":{"kModelPropertiesKey":{"constraints":{"model_version":0.1,"aspectRatio":{"constant":51.85185,"model_version":0.1,"enabled":1,"modelID":"constraint_5180dd3c-ed70-42ca-9e38-31c5d2caa2f6","model_class":"ADModelConstraint","multiplier":70},"modelID":"viewConstraints_6b9f2faa-861f-4bf2-add2-4585c60c38d5","model_class":"ADModelViewConstraints","automatic":1}}}},"style":{"_class":"style","endDecorationType":0,"miterLimit":10,"startDecorationType":0},"horizontalSpacing":0,"masterInfluenceEdgeMaxXPadding":0,"masterInfluenceEdgeMaxYPadding":0,"masterInfluenceEdgeMinXPadding":0,"masterInfluenceEdgeMinYPadding":0,"symbolID":"277C5A1E-48EC-4927-B68A-F4F7DCF19367","verticalSpacing":0},{"_class":"symbolInstance","do_objectID":"DC379908-4860-45E4-87F9-208E3B2E736D","exportOptions":{"_class":"exportOptions","exportFormats":[],"includedLayerIds":[],"layerOptions":0,"shouldTrim":false},"frame":{"_class":"rect","constrainProportions":true,"height":51.85185185185185,"width":70,"x":100,"y":0},"isFlippedHorizontal":false,"isFlippedVertical":false,"isLocked":false,"isVisible":true,"layerListExpandedType":0,"name":"A","nameIsFixed":false,"resizingType":0,"rotation":0,"shouldBreakMaskChain":false,"userInfo":{"com.animaapp.stc-sketch-plugin":{"kModelPropertiesKey":{"constraints":{"model_version":0.1,"aspectRatio":{"constant":51.85185,"model_version":0.1,"enabled":1,"modelID":"constraint_5180dd3c-ed70-42ca-9e38-31c5d2caa2f6","model_class":"ADModelConstraint","multiplier":70},"modelID":"viewConstraints_6b9f2faa-861f-4bf2-add2-4585c60c38d5","model_class":"ADModelViewConstraints","automatic":1}}}},"style":{"_class":"style","endDecorationType":0,"miterLimit":10,"startDecorationType":0},"horizontalSpacing":0,"masterInfluenceEdgeMaxXPadding":0,"masterInfluenceEdgeMaxYPadding":0,"masterInfluenceEdgeMinXPadding":0,"masterInfluenceEdgeMinYPadding":0,"symbolID":"F30DA394-2561-4382-8E44-911581DEE2DC","verticalSpacing":0},{"_class":"symbolInstance","do_objectID":"E54FA668-56DD-4444-A906-3829129BD8C7","exportOptions":{"_class":"exportOptions","exportFormats":[],"includedLayerIds":[],"layerOptions":0,"shouldTrim":false},"frame":{"_class":"rect","constrainProportions":true,"height":51.85185185185185,"width":70,"x":200,"y":0},"isFlippedHorizontal":false,"isFlippedVertical":false,"isLocked":false,"isVisible":true,"layerListExpandedType":0,"name":"A","nameIsFixed":false,"resizingType":0,"rotation":0,"shouldBreakMaskChain":false,"userInfo":{"com.animaapp.stc-sketch-plugin":{"kModelPropertiesKey":{"constraints":{"model_version":0.1,"aspectRatio":{"constant":51.85185,"model_version":0.1,"enabled":1,"modelID":"constraint_de92347c-db50-4ecb-a2f2-e78932909b9b","model_class":"ADModelConstraint","multiplier":70},"modelID":"viewConstraints_fa1ec34c-f30e-4047-a114-cd0869a91891","model_class":"ADModelViewConstraints","automatic":1}}}},"style":{"_class":"style","endDecorationType":0,"miterLimit":10,"startDecorationType":0},"horizontalSpacing":0,"masterInfluenceEdgeMaxXPadding":0,"masterInfluenceEdgeMaxYPadding":0,"masterInfluenceEdgeMinXPadding":0,"masterInfluenceEdgeMinYPadding":0,"symbolID":"C3667D8E-25F0-40CA-AC9C-6CECB73BB7A4","verticalSpacing":0}]},{"_class":"group","do_objectID":"24C18FAD-E45D-41A0-93CC-8C9D7F6F304F","exportOptions":{"_class":"exportOptions","exportFormats":[],"includedLayerIds":[],"layerOptions":0,"shouldTrim":false},"frame":{"_class":"rect","constrainProportions":true,"height":53,"width":270,"x":0,"y":81},"isFlippedHorizontal":false,"isFlippedVertical":false,"isLocked":false,"isVisible":true,"layerListExpandedType":1,"name":"row-2","nameIsFixed":false,"resizingType":0,"rotation":0,"shouldBreakMaskChain":false,"userInfo":{"com.animaapp.stc-sketch-plugin":{"kModelPropertiesKey":{"constraints":{"model_version":0.1,"aspectRatio":{"constant":53,"model_version":0.1,"enabled":1,"modelID":"constraint_8c728259-5873-49ec-a92d-1064476e8dae","model_class":"ADModelConstraint","multiplier":270},"modelID":"viewConstraints_649e9b35-e407-4250-9fda-c4c910f71023","model_class":"ADModelViewConstraints","automatic":1}}}},"style":{"_class":"style","endDecorationType":0,"miterLimit":10,"startDecorationType":0},"hasClickThrough":false,"layers":[{"_class":"symbolInstance","do_objectID":"36FA66BD-B51B-4FCF-893A-1E0D2A26F91B","exportOptions":{"_class":"exportOptions","exportFormats":[],"includedLayerIds":[],"layerOptions":0,"shouldTrim":false},"frame":{"_class":"rect","constrainProportions":true,"height":51.85185185185185,"width":70,"x":0,"y":0.851851851851734},"isFlippedHorizontal":false,"isFlippedVertical":false,"isLocked":false,"isVisible":true,"layerListExpandedType":0,"name":"A","nameIsFixed":false,"resizingType":0,"rotation":0,"shouldBreakMaskChain":false,"userInfo":{"com.animaapp.stc-sketch-plugin":{"kModelPropertiesKey":{"constraints":{"model_version":0.1,"aspectRatio":{"constant":51.85185,"model_version":0.1,"enabled":1,"modelID":"constraint_94ab0436-3003-4268-aaa5-feaae3cfeac1","model_class":"ADModelConstraint","multiplier":70},"modelID":"viewConstraints_a40c8729-2018-4007-8886-5c424924df46","model_class":"ADModelViewConstraints","automatic":1}}}},"style":{"_class":"style","endDecorationType":0,"miterLimit":10,"startDecorationType":0},"horizontalSpacing":0,"masterInfluenceEdgeMaxXPadding":0,"masterInfluenceEdgeMaxYPadding":0,"masterInfluenceEdgeMinXPadding":0,"masterInfluenceEdgeMinYPadding":0,"symbolID":"9A95DF84-CB45-4D2B-BF25-677E35654D14","verticalSpacing":0},{"_class":"symbolInstance","do_objectID":"4DED9859-167D-4C67-95A0-9F1D8BF09C4D","exportOptions":{"_class":"exportOptions","exportFormats":[],"includedLayerIds":[],"layerOptions":0,"shouldTrim":false},"frame":{"_class":"rect","constrainProportions":true,"height":51.85185185185185,"width":70,"x":100,"y":0.851851851851734},"isFlippedHorizontal":false,"isFlippedVertical":false,"isLocked":false,"isVisible":true,"layerListExpandedType":0,"name":"A","nameIsFixed":false,"resizingType":0,"rotation":0,"shouldBreakMaskChain":false,"userInfo":{"com.animaapp.stc-sketch-plugin":{"kModelPropertiesKey":{"constraints":{"model_version":0.1,"aspectRatio":{"constant":51.85185,"model_version":0.1,"enabled":1,"modelID":"constraint_62b00127-fbdf-4f62-9aa8-cfd7af8bd137","model_class":"ADModelConstraint","multiplier":70},"modelID":"viewConstraints_d3514cec-8499-4807-9554-40bed154292e","model_class":"ADModelViewConstraints","automatic":1}}}},"style":{"_class":"style","endDecorationType":0,"miterLimit":10,"startDecorationType":0},"horizontalSpacing":0,"masterInfluenceEdgeMaxXPadding":0,"masterInfluenceEdgeMaxYPadding":0,"masterInfluenceEdgeMinXPadding":0,"masterInfluenceEdgeMinYPadding":0,"symbolID":"B1BFD1C0-13E4-44BB-B87F-21E0B49239EA","verticalSpacing":0},{"_class":"symbolInstance","do_objectID":"D1E6D215-3561-4D2B-A17C-FC8C00A4017F","exportOptions":{"_class":"exportOptions","exportFormats":[],"includedLayerIds":[],"layerOptions":0,"shouldTrim":false},"frame":{"_class":"rect","constrainProportions":true,"height":51.85185185185185,"width":70,"x":200,"y":0.851851851851734},"isFlippedHorizontal":false,"isFlippedVertical":false,"isLocked":false,"isVisible":true,"layerListExpandedType":0,"name":"A","nameIsFixed":false,"resizingType":0,"rotation":0,"shouldBreakMaskChain":false,"userInfo":{"com.animaapp.stc-sketch-plugin":{"kModelPropertiesKey":{"constraints":{"model_version":0.1,"aspectRatio":{"constant":51.85185,"model_version":0.1,"enabled":1,"modelID":"constraint_e4fa396b-a6b9-48f0-be7f-55be9edd17ab","model_class":"ADModelConstraint","multiplier":70},"modelID":"viewConstraints_32ed4a82-6b21-4ffa-b0f4-b40bce07465b","model_class":"ADModelViewConstraints","automatic":1}}}},"style":{"_class":"style","endDecorationType":0,"miterLimit":10,"startDecorationType":0},"horizontalSpacing":0,"masterInfluenceEdgeMaxXPadding":0,"masterInfluenceEdgeMaxYPadding":0,"masterInfluenceEdgeMinXPadding":0,"masterInfluenceEdgeMinYPadding":0,"symbolID":"4B518019-16E6-4330-BB32-86E7F7397A3A","verticalSpacing":0}]},{"_class":"group","do_objectID":"E79E5A40-BECE-49FE-95F1-53594D9A422A","exportOptions":{"_class":"exportOptions","exportFormats":[],"includedLayerIds":[],"layerOptions":0,"shouldTrim":false},"frame":{"_class":"rect","constrainProportions":true,"height":53,"width":270,"x":0,"y":163},"isFlippedHorizontal":false,"isFlippedVertical":false,"isLocked":false,"isVisible":true,"layerListExpandedType":1,"name":"row-3","nameIsFixed":false,"resizingType":0,"rotation":0,"shouldBreakMaskChain":false,"userInfo":{"com.animaapp.stc-sketch-plugin":{"kModelPropertiesKey":{"constraints":{"model_version":0.1,"aspectRatio":{"constant":53,"model_version":0.1,"enabled":1,"modelID":"constraint_d46e19c5-b210-4fba-bfaf-40842f178e6e","model_class":"ADModelConstraint","multiplier":270},"modelID":"viewConstraints_c961d531-84dd-4c9a-a467-6198812b7336","model_class":"ADModelViewConstraints","automatic":1}}}},"style":{"_class":"style","endDecorationType":0,"miterLimit":10,"startDecorationType":0},"hasClickThrough":false,"layers":[{"_class":"symbolInstance","do_objectID":"18820968-E245-4046-A30B-01DD73E29ABE","exportOptions":{"_class":"exportOptions","exportFormats":[],"includedLayerIds":[],"layerOptions":0,"shouldTrim":false},"frame":{"_class":"rect","constrainProportions":true,"height":51.85185185185185,"width":70,"x":0,"y":0.7037037037034679},"isFlippedHorizontal":false,"isFlippedVertical":false,"isLocked":false,"isVisible":true,"layerListExpandedType":0,"name":"A","nameIsFixed":false,"resizingType":0,"rotation":0,"shouldBreakMaskChain":false,"userInfo":{"com.animaapp.stc-sketch-plugin":{"kModelPropertiesKey":{"constraints":{"model_version":0.1,"aspectRatio":{"constant":51.85185,"model_version":0.1,"enabled":1,"modelID":"constraint_3b6a006c-fe1e-4542-b025-6cc77815991b","model_class":"ADModelConstraint","multiplier":70},"modelID":"viewConstraints_cd22bbdb-cf74-482e-9de3-cc497a73b200","model_class":"ADModelViewConstraints","automatic":1}}}},"style":{"_class":"style","endDecorationType":0,"miterLimit":10,"startDecorationType":0},"horizontalSpacing":0,"masterInfluenceEdgeMaxXPadding":0,"masterInfluenceEdgeMaxYPadding":0,"masterInfluenceEdgeMinXPadding":0,"masterInfluenceEdgeMinYPadding":0,"symbolID":"8D7F2042-D1BB-445B-BB39-6C17F0342458","verticalSpacing":0},{"_class":"symbolInstance","do_objectID":"1C5B5B5D-68BC-47D4-AF0F-9AE8D23062CB","exportOptions":{"_class":"exportOptions","exportFormats":[],"includedLayerIds":[],"layerOptions":0,"shouldTrim":false},"frame":{"_class":"rect","constrainProportions":true,"height":51.85185185185185,"width":70,"x":100,"y":0.7037037037034679},"isFlippedHorizontal":false,"isFlippedVertical":false,"isLocked":false,"isVisible":true,"layerListExpandedType":0,"name":"A","nameIsFixed":false,"resizingType":0,"rotation":0,"shouldBreakMaskChain":false,"userInfo":{"com.animaapp.stc-sketch-plugin":{"kModelPropertiesKey":{"constraints":{"model_version":0.1,"aspectRatio":{"constant":51.85185,"model_version":0.1,"enabled":1,"modelID":"constraint_3b6a006c-fe1e-4542-b025-6cc77815991b","model_class":"ADModelConstraint","multiplier":70},"modelID":"viewConstraints_cd22bbdb-cf74-482e-9de3-cc497a73b200","model_class":"ADModelViewConstraints","automatic":1}}}},"style":{"_class":"style","endDecorationType":0,"miterLimit":10,"startDecorationType":0},"horizontalSpacing":0,"masterInfluenceEdgeMaxXPadding":0,"masterInfluenceEdgeMaxYPadding":0,"masterInfluenceEdgeMinXPadding":0,"masterInfluenceEdgeMinYPadding":3,"symbolID":"AE255547-2A09-400E-B580-CDE88D277923","verticalSpacing":0},{"_class":"symbolInstance","do_objectID":"7DA1C466-1887-44EB-B321-CC300EAB06CA","exportOptions":{"_class":"exportOptions","exportFormats":[],"includedLayerIds":[],"layerOptions":0,"shouldTrim":false},"frame":{"_class":"rect","constrainProportions":true,"height":51.85185185185185,"width":70,"x":200,"y":0.7037037037034679},"isFlippedHorizontal":false,"isFlippedVertical":false,"isLocked":false,"isVisible":true,"layerListExpandedType":0,"name":"A","nameIsFixed":false,"resizingType":0,"rotation":0,"shouldBreakMaskChain":false,"userInfo":{"com.animaapp.stc-sketch-plugin":{"kModelPropertiesKey":{"constraints":{"model_version":0.1,"aspectRatio":{"constant":51.85185,"model_version":0.1,"enabled":1,"modelID":"constraint_9582b281-d590-476a-bf71-edb970faf0bd","model_class":"ADModelConstraint","multiplier":70},"modelID":"viewConstraints_87707e90-689c-43a5-82fe-319b8640170f","model_class":"ADModelViewConstraints","automatic":1}}}},"style":{"_class":"style","endDecorationType":0,"miterLimit":10,"startDecorationType":0},"horizontalSpacing":0,"masterInfluenceEdgeMaxXPadding":0,"masterInfluenceEdgeMaxYPadding":0,"masterInfluenceEdgeMinXPadding":0,"masterInfluenceEdgeMinYPadding":0,"symbolID":"DD11E986-E0B4-4EBD-8390-D59C53A90682","verticalSpacing":0}]},{"_class":"group","do_objectID":"32BF5D3F-1931-4AD6-A1C7-067A1EAE072E","exportOptions":{"_class":"exportOptions","exportFormats":[],"includedLayerIds":[],"layerOptions":0,"shouldTrim":false},"frame":{"_class":"rect","constrainProportions":true,"height":53,"width":270,"x":0,"y":245},"isFlippedHorizontal":false,"isFlippedVertical":false,"isLocked":false,"isVisible":true,"layerListExpandedType":1,"name":"row-4","nameIsFixed":false,"resizingType":0,"rotation":0,"shouldBreakMaskChain":false,"userInfo":{"com.animaapp.stc-sketch-plugin":{"kModelPropertiesKey":{"constraints":{"model_version":0.1,"aspectRatio":{"constant":53,"model_version":0.1,"enabled":1,"modelID":"constraint_d97d1a92-3bc4-4067-a86b-22c3f4db5ad8","model_class":"ADModelConstraint","multiplier":270},"modelID":"viewConstraints_c53db007-5c75-4b50-a840-a9d78f8c044c","model_class":"ADModelViewConstraints","automatic":1}}}},"style":{"_class":"style","endDecorationType":0,"miterLimit":10,"startDecorationType":0},"hasClickThrough":false,"layers":[{"_class":"symbolInstance","do_objectID":"2BA58E90-07BF-40E7-BD1A-E99CE741BD67","exportOptions":{"_class":"exportOptions","exportFormats":[],"includedLayerIds":[],"layerOptions":0,"shouldTrim":false},"frame":{"_class":"rect","constrainProportions":true,"height":51.85185185185185,"width":70,"x":200,"y":0.5555555555557135},"isFlippedHorizontal":false,"isFlippedVertical":false,"isLocked":false,"isVisible":true,"layerListExpandedType":0,"name":"A","nameIsFixed":false,"resizingType":0,"rotation":0,"shouldBreakMaskChain":false,"userInfo":{"com.animaapp.stc-sketch-plugin":{"kModelPropertiesKey":{"constraints":{"model_version":0.1,"aspectRatio":{"constant":51.85185,"model_version":0.1,"enabled":1,"modelID":"constraint_9b41725d-08b0-41b7-a893-28762eefdba2","model_class":"ADModelConstraint","multiplier":70},"modelID":"viewConstraints_c1cf20ad-5087-4c34-889f-c229e87e4521","model_class":"ADModelViewConstraints","automatic":1}}}},"style":{"_class":"style","endDecorationType":0,"miterLimit":10,"startDecorationType":0},"horizontalSpacing":0,"masterInfluenceEdgeMaxXPadding":0,"masterInfluenceEdgeMaxYPadding":0,"masterInfluenceEdgeMinXPadding":0,"masterInfluenceEdgeMinYPadding":0,"symbolID":"40044D36-B4DD-40F2-8A52-F07D929F07DA","verticalSpacing":0},{"_class":"symbolInstance","do_objectID":"7D13E832-96AE-474A-B4D2-A192B63CFC1B","exportOptions":{"_class":"exportOptions","exportFormats":[],"includedLayerIds":[],"layerOptions":0,"shouldTrim":false},"frame":{"_class":"rect","constrainProportions":true,"height":51.85185185185185,"width":70,"x":100,"y":0.5555555555557135},"isFlippedHorizontal":false,"isFlippedVertical":false,"isLocked":false,"isVisible":true,"layerListExpandedType":0,"name":"A","nameIsFixed":false,"resizingType":0,"rotation":0,"shouldBreakMaskChain":false,"userInfo":{"com.animaapp.stc-sketch-plugin":{"kModelPropertiesKey":{"constraints":{"model_version":0.1,"aspectRatio":{"constant":51.85185,"model_version":0.1,"enabled":1,"modelID":"constraint_4a7dba45-ba2e-41e9-8772-8155a7089a6a","model_class":"ADModelConstraint","multiplier":70},"modelID":"viewConstraints_b445a425-0056-46e6-9666-de52ccdebbcb","model_class":"ADModelViewConstraints","automatic":1}}}},"style":{"_class":"style","endDecorationType":0,"miterLimit":10,"startDecorationType":0},"horizontalSpacing":0,"masterInfluenceEdgeMaxXPadding":0,"masterInfluenceEdgeMaxYPadding":0,"masterInfluenceEdgeMinXPadding":0,"masterInfluenceEdgeMinYPadding":0,"symbolID":"C45318AC-5651-41DD-9E5A-E2BEEFCDBD3F","verticalSpacing":0},{"_class":"symbolInstance","do_objectID":"18C9F503-B78B-4F5E-9452-DF5259D3B5D2","exportOptions":{"_class":"exportOptions","exportFormats":[],"includedLayerIds":[],"layerOptions":0,"shouldTrim":false},"frame":{"_class":"rect","constrainProportions":true,"height":51.85185185185185,"width":70,"x":0,"y":0.5555555555557135},"isFlippedHorizontal":false,"isFlippedVertical":false,"isLocked":false,"isVisible":true,"layerListExpandedType":0,"name":"A","nameIsFixed":false,"resizingType":0,"rotation":0,"shouldBreakMaskChain":false,"userInfo":{"com.animaapp.stc-sketch-plugin":{"kModelPropertiesKey":{"constraints":{"model_version":0.1,"aspectRatio":{"constant":51.85185,"model_version":0.1,"enabled":1,"modelID":"constraint_d179807c-8aed-4c26-b488-e45418d418ce","model_class":"ADModelConstraint","multiplier":70},"modelID":"viewConstraints_208542b9-aede-4aa8-ace5-79dc12580a99","model_class":"ADModelViewConstraints","automatic":1}}}},"style":{"_class":"style","endDecorationType":0,"miterLimit":10,"startDecorationType":0},"horizontalSpacing":0,"masterInfluenceEdgeMaxXPadding":0,"masterInfluenceEdgeMaxYPadding":0,"masterInfluenceEdgeMinXPadding":0,"masterInfluenceEdgeMinYPadding":0,"symbolID":"56CB96EF-E204-4D8A-8308-D88EDAD4B14A","verticalSpacing":0}]},{"_class":"group","do_objectID":"9411D9BA-E666-4889-A504-EC987532D379","exportOptions":{"_class":"exportOptions","exportFormats":[],"includedLayerIds":[],"layerOptions":0,"shouldTrim":false},"frame":{"_class":"rect","constrainProportions":true,"height":53,"width":270,"x":0,"y":327},"isFlippedHorizontal":false,"isFlippedVertical":false,"isLocked":false,"isVisible":true,"layerListExpandedType":1,"name":"row-5","nameIsFixed":true,"resizingType":0,"rotation":0,"shouldBreakMaskChain":false,"userInfo":{"com.animaapp.stc-sketch-plugin":{"kModelPropertiesKey":{"constraints":{"model_version":0.1,"aspectRatio":{"constant":53,"model_version":0.1,"enabled":1,"modelID":"constraint_905d2d6a-da92-4a2f-a9b1-318c2a1ee02c","model_class":"ADModelConstraint","multiplier":270},"modelID":"viewConstraints_602bd2b0-b96a-4688-814d-65e90f3537b5","model_class":"ADModelViewConstraints","automatic":1}}}},"style":{"_class":"style","endDecorationType":0,"miterLimit":10,"startDecorationType":0},"hasClickThrough":false,"layers":[{"_class":"symbolInstance","do_objectID":"94D76357-CB8B-4E2A-B879-3FC42175374E","exportOptions":{"_class":"exportOptions","exportFormats":[],"includedLayerIds":[],"layerOptions":0,"shouldTrim":false},"frame":{"_class":"rect","constrainProportions":true,"height":51.85185185185185,"width":70,"x":0,"y":0.4074074074073906},"isFlippedHorizontal":false,"isFlippedVertical":false,"isLocked":false,"isVisible":true,"layerListExpandedType":0,"name":"A","nameIsFixed":false,"resizingType":0,"rotation":0,"shouldBreakMaskChain":false,"userInfo":{"com.animaapp.stc-sketch-plugin":{"kModelPropertiesKey":{"constraints":{"model_version":0.1,"aspectRatio":{"constant":51.85185,"model_version":0.1,"enabled":1,"modelID":"constraint_9b41725d-08b0-41b7-a893-28762eefdba2","model_class":"ADModelConstraint","multiplier":70},"modelID":"viewConstraints_c1cf20ad-5087-4c34-889f-c229e87e4521","model_class":"ADModelViewConstraints","automatic":1}}}},"style":{"_class":"style","endDecorationType":0,"miterLimit":10,"startDecorationType":0},"horizontalSpacing":0,"masterInfluenceEdgeMaxXPadding":0,"masterInfluenceEdgeMaxYPadding":0,"masterInfluenceEdgeMinXPadding":0,"masterInfluenceEdgeMinYPadding":3,"symbolID":"26B269F9-3706-47D1-B3A0-EF62335DCF4B","verticalSpacing":0},{"_class":"symbolInstance","do_objectID":"5B8C0AF7-0D78-47E6-B109-3D3FC2F8B2CC","exportOptions":{"_class":"exportOptions","exportFormats":[],"includedLayerIds":[],"layerOptions":0,"shouldTrim":false},"frame":{"_class":"rect","constrainProportions":true,"height":51.85185185185185,"width":70,"x":100,"y":0.4074074074073906},"isFlippedHorizontal":false,"isFlippedVertical":false,"isLocked":false,"isVisible":true,"layerListExpandedType":0,"name":"A","nameIsFixed":false,"resizingType":0,"rotation":0,"shouldBreakMaskChain":false,"userInfo":{"com.animaapp.stc-sketch-plugin":{"kModelPropertiesKey":{"constraints":{"model_version":0.1,"aspectRatio":{"constant":51.85185,"model_version":0.1,"enabled":1,"modelID":"constraint_0caff10f-4567-4d82-99a2-3710ac3fd70e","model_class":"ADModelConstraint","multiplier":70},"modelID":"viewConstraints_d2e28845-8cc6-4b88-a08c-0f04231244f8","model_class":"ADModelViewConstraints","automatic":1}}}},"style":{"_class":"style","endDecorationType":0,"miterLimit":10,"startDecorationType":0},"horizontalSpacing":0,"masterInfluenceEdgeMaxXPadding":0,"masterInfluenceEdgeMaxYPadding":0,"masterInfluenceEdgeMinXPadding":0,"masterInfluenceEdgeMinYPadding":0,"symbolID":"B4714AF3-3310-43C3-B79C-6DBC59C4FF47","verticalSpacing":0},{"_class":"symbolInstance","do_objectID":"376C33AD-7819-4195-83BA-CEACDAB89250","exportOptions":{"_class":"exportOptions","exportFormats":[],"includedLayerIds":[],"layerOptions":0,"shouldTrim":false},"frame":{"_class":"rect","constrainProportions":true,"height":51.85185185185185,"width":70,"x":200,"y":0.4074074074073906},"isFlippedHorizontal":false,"isFlippedVertical":false,"isLocked":false,"isVisible":true,"layerListExpandedType":0,"name":"A","nameIsFixed":false,"resizingType":0,"rotation":0,"shouldBreakMaskChain":false,"userInfo":{"com.animaapp.stc-sketch-plugin":{"kModelPropertiesKey":{"constraints":{"model_version":0.1,"aspectRatio":{"constant":51.85185,"model_version":0.1,"enabled":1,"modelID":"constraint_4c341240-0e26-4f50-b7ed-288b76b68b11","model_class":"ADModelConstraint","multiplier":70},"modelID":"viewConstraints_0df6159c-3664-4d8e-850d-70c3b02bdda4","model_class":"ADModelViewConstraints","automatic":1}}}},"style":{"_class":"style","endDecorationType":0,"miterLimit":10,"startDecorationType":0},"horizontalSpacing":0,"masterInfluenceEdgeMaxXPadding":0,"masterInfluenceEdgeMaxYPadding":0,"masterInfluenceEdgeMinXPadding":0,"masterInfluenceEdgeMinYPadding":0,"symbolID":"721D2023-8047-4EEB-A77F-19F2DE10FF96","verticalSpacing":0}]},{"_class":"group","do_objectID":"AAFC3602-4BE3-4A5B-824A-B8064ED8F741","exportOptions":{"_class":"exportOptions","exportFormats":[],"includedLayerIds":[],"layerOptions":0,"shouldTrim":false},"frame":{"_class":"rect","constrainProportions":true,"height":53,"width":270,"x":0,"y":409},"isFlippedHorizontal":false,"isFlippedVertical":false,"isLocked":false,"isVisible":true,"layerListExpandedType":1,"name":"row-6","nameIsFixed":false,"resizingType":0,"rotation":0,"shouldBreakMaskChain":false,"userInfo":{"com.animaapp.stc-sketch-plugin":{"kModelPropertiesKey":{"constraints":{"model_version":0.1,"aspectRatio":{"constant":53,"model_version":0.1,"enabled":1,"modelID":"constraint_aa1d65f3-576b-4f93-b6f1-61f09baa197d","model_class":"ADModelConstraint","multiplier":270},"modelID":"viewConstraints_487ac508-b9c4-463d-bbd8-4c7d55df4a4b","model_class":"ADModelViewConstraints","automatic":1}}}},"style":{"_class":"style","endDecorationType":0,"miterLimit":10,"startDecorationType":0},"hasClickThrough":false,"layers":[{"_class":"symbolInstance","do_objectID":"8D747B89-D48F-4B6E-883C-090692FB9B6C","exportOptions":{"_class":"exportOptions","exportFormats":[],"includedLayerIds":[],"layerOptions":0,"shouldTrim":false},"frame":{"_class":"rect","constrainProportions":true,"height":51.85185185185185,"width":70,"x":0,"y":0.2592592592591245},"isFlippedHorizontal":false,"isFlippedVertical":false,"isLocked":false,"isVisible":true,"layerListExpandedType":0,"name":"A","nameIsFixed":false,"resizingType":0,"rotation":0,"shouldBreakMaskChain":false,"userInfo":{"com.animaapp.stc-sketch-plugin":{"kModelPropertiesKey":{"constraints":{"model_version":0.1,"aspectRatio":{"constant":51.85185,"model_version":0.1,"enabled":1,"modelID":"constraint_1a1eff15-1998-4b4d-be30-92a38ae2145e","model_class":"ADModelConstraint","multiplier":70},"modelID":"viewConstraints_ad3bcaa1-b903-4953-be4e-3be7578c74b9","model_class":"ADModelViewConstraints","automatic":1}}}},"style":{"_class":"style","endDecorationType":0,"miterLimit":10,"startDecorationType":0},"horizontalSpacing":0,"masterInfluenceEdgeMaxXPadding":0,"masterInfluenceEdgeMaxYPadding":0,"masterInfluenceEdgeMinXPadding":0,"masterInfluenceEdgeMinYPadding":0,"symbolID":"C2E9A815-AECE-43CE-862D-72D4595ACA2B","verticalSpacing":0},{"_class":"symbolInstance","do_objectID":"10B52E7F-9EA7-4DFC-B35A-D010CAEE205B","exportOptions":{"_class":"exportOptions","exportFormats":[],"includedLayerIds":[],"layerOptions":0,"shouldTrim":false},"frame":{"_class":"rect","constrainProportions":true,"height":51.85185185185185,"width":70,"x":100,"y":0.2592592592591245},"isFlippedHorizontal":false,"isFlippedVertical":false,"isLocked":false,"isVisible":true,"layerListExpandedType":0,"name":"A","nameIsFixed":false,"resizingType":0,"rotation":0,"shouldBreakMaskChain":false,"userInfo":{"com.animaapp.stc-sketch-plugin":{"kModelPropertiesKey":{"constraints":{"model_version":0.1,"aspectRatio":{"constant":51.85185,"model_version":0.1,"enabled":1,"modelID":"constraint_2b8845a2-f0a6-4a6c-973d-34c448f28840","model_class":"ADModelConstraint","multiplier":70},"modelID":"viewConstraints_a93e6a68-77ca-4187-8ec6-e16c4a2d937a","model_class":"ADModelViewConstraints","automatic":1}}}},"style":{"_class":"style","endDecorationType":0,"miterLimit":10,"startDecorationType":0},"horizontalSpacing":0,"masterInfluenceEdgeMaxXPadding":0,"masterInfluenceEdgeMaxYPadding":0,"masterInfluenceEdgeMinXPadding":0,"masterInfluenceEdgeMinYPadding":0,"symbolID":"420D860F-E283-4490-AFC8-BBA410242995","verticalSpacing":0},{"_class":"symbolInstance","do_objectID":"08612E33-F578-4AE6-B842-C110EDBCDE2A","exportOptions":{"_class":"exportOptions","exportFormats":[],"includedLayerIds":[],"layerOptions":0,"shouldTrim":false},"frame":{"_class":"rect","constrainProportions":true,"height":51.85185185185185,"width":70,"x":200,"y":0.2592592592591245},"isFlippedHorizontal":false,"isFlippedVertical":false,"isLocked":false,"isVisible":true,"layerListExpandedType":0,"name":"A","nameIsFixed":false,"resizingType":0,"rotation":0,"shouldBreakMaskChain":false,"userInfo":{"com.animaapp.stc-sketch-plugin":{"kModelPropertiesKey":{"constraints":{"model_version":0.1,"aspectRatio":{"constant":51.85185,"model_version":0.1,"enabled":1,"modelID":"constraint_c4d776a2-6357-47fd-a0c1-e27c799d1e32","model_class":"ADModelConstraint","multiplier":70},"modelID":"viewConstraints_045e821e-348d-4b16-b980-ea991e847ab5","model_class":"ADModelViewConstraints","automatic":1}}}},"style":{"_class":"style","endDecorationType":0,"miterLimit":10,"startDecorationType":0},"horizontalSpacing":0,"masterInfluenceEdgeMaxXPadding":0,"masterInfluenceEdgeMaxYPadding":0,"masterInfluenceEdgeMinXPadding":0,"masterInfluenceEdgeMinYPadding":0,"symbolID":"FE34A85E-D348-4A2A-9E76-638DAA7EB427","verticalSpacing":0}]}]},{"_class":"group","do_objectID":"7174D3B3-821A-45AC-B518-5F27C2747B91","exportOptions":{"_class":"exportOptions","exportFormats":[],"includedLayerIds":[],"layerOptions":0,"shouldTrim":false},"frame":{"_class":"rect","constrainProportions":true,"height":462,"width":270,"x":288,"y":142},"isFlippedHorizontal":false,"isFlippedVertical":false,"isLocked":false,"isVisible":true,"layerListExpandedType":2,"name":"letters-o-ae","nameIsFixed":false,"resizingType":0,"rotation":0,"shouldBreakMaskChain":false,"userInfo":{"com.animaapp.stc-sketch-plugin":{"kModelPropertiesKey":{"constraints":{"model_version":0.1,"aspectRatio":{"constant":462,"model_version":0.1,"enabled":1,"modelID":"constraint_4519b854-477a-4032-909e-3cf21f9a3a32","model_class":"ADModelConstraint","multiplier":270},"modelID":"viewConstraints_e6316103-b423-4f2d-82bd-98d83c0ced76","model_class":"ADModelViewConstraints","automatic":1}}}},"style":{"_class":"style","endDecorationType":0,"miterLimit":10,"startDecorationType":0},"hasClickThrough":false,"layers":[{"_class":"group","do_objectID":"D71EECA2-1D63-46BE-BAB5-C7B97D93823C","exportOptions":{"_class":"exportOptions","exportFormats":[],"includedLayerIds":[],"layerOptions":0,"shouldTrim":false},"frame":{"_class":"rect","constrainProportions":true,"height":52,"width":270,"x":0,"y":0},"isFlippedHorizontal":false,"isFlippedVertical":false,"isLocked":false,"isVisible":true,"layerListExpandedType":0,"name":"row-7","nameIsFixed":false,"resizingType":0,"rotation":0,"shouldBreakMaskChain":false,"userInfo":{"com.animaapp.stc-sketch-plugin":{"kModelPropertiesKey":{"constraints":{"model_version":0.1,"aspectRatio":{"constant":52,"model_version":0.1,"enabled":1,"modelID":"constraint_dd7d5950-d8d5-4c63-9c22-8e3b460e97d6","model_class":"ADModelConstraint","multiplier":270},"modelID":"viewConstraints_741e36da-1fb1-44be-a2c2-216a06a7380c","model_class":"ADModelViewConstraints","automatic":1}}}},"style":{"_class":"style","endDecorationType":0,"miterLimit":10,"startDecorationType":0},"hasClickThrough":false,"layers":[{"_class":"symbolInstance","do_objectID":"58F724F1-1AC0-4B8A-86EA-C30BA99BEC87","exportOptions":{"_class":"exportOptions","exportFormats":[],"includedLayerIds":[],"layerOptions":0,"shouldTrim":false},"frame":{"_class":"rect","constrainProportions":true,"height":51.85185185185185,"width":70,"x":100,"y":0},"isFlippedHorizontal":false,"isFlippedVertical":false,"isLocked":false,"isVisible":true,"layerListExpandedType":0,"name":"A","nameIsFixed":false,"resizingType":0,"rotation":0,"shouldBreakMaskChain":false,"userInfo":{"com.animaapp.stc-sketch-plugin":{"kModelPropertiesKey":{"constraints":{"model_version":0.1,"aspectRatio":{"constant":51.85185,"model_version":0.1,"enabled":1,"modelID":"constraint_6955bae6-f4a3-4411-a371-4a253bdc6c7e","model_class":"ADModelConstraint","multiplier":70},"modelID":"viewConstraints_bbe81f13-52c1-4485-864a-efdb88a851e4","model_class":"ADModelViewConstraints","automatic":1}}}},"style":{"_class":"style","endDecorationType":0,"miterLimit":10,"startDecorationType":0},"horizontalSpacing":0,"masterInfluenceEdgeMaxXPadding":0,"masterInfluenceEdgeMaxYPadding":0,"masterInfluenceEdgeMinXPadding":0,"masterInfluenceEdgeMinYPadding":2,"symbolID":"6C2FE18D-1BCD-4D4E-B4D1-AE675ECE9509","verticalSpacing":0},{"_class":"symbolInstance","do_objectID":"AEF336D3-7964-4B1C-9C16-FA9287101FDC","exportOptions":{"_class":"exportOptions","exportFormats":[],"includedLayerIds":[],"layerOptions":0,"shouldTrim":false},"frame":{"_class":"rect","constrainProportions":true,"height":51.85185185185185,"width":70,"x":200,"y":0},"isFlippedHorizontal":false,"isFlippedVertical":false,"isLocked":false,"isVisible":true,"layerListExpandedType":0,"name":"A","nameIsFixed":false,"resizingType":0,"rotation":0,"shouldBreakMaskChain":false,"userInfo":{"com.animaapp.stc-sketch-plugin":{"kModelPropertiesKey":{"constraints":{"model_version":0.1,"aspectRatio":{"constant":51.85185,"model_version":0.1,"enabled":1,"modelID":"constraint_ad5b919f-4286-421a-b261-f6e2181494c0","model_class":"ADModelConstraint","multiplier":70},"modelID":"viewConstraints_dc7314d4-296d-4911-a583-bd8340405f43","model_class":"ADModelViewConstraints","automatic":1}}}},"style":{"_class":"style","endDecorationType":0,"miterLimit":10,"startDecorationType":0},"horizontalSpacing":0,"masterInfluenceEdgeMaxXPadding":0,"masterInfluenceEdgeMaxYPadding":0,"masterInfluenceEdgeMinXPadding":0,"masterInfluenceEdgeMinYPadding":0,"symbolID":"1666111E-8E18-421F-B4B4-92D78F83B137","verticalSpacing":0},{"_class":"symbolInstance","do_objectID":"91B348C6-5F80-4E09-B5A2-328C27A446AC","exportOptions":{"_class":"exportOptions","exportFormats":[],"includedLayerIds":[],"layerOptions":0,"shouldTrim":false},"frame":{"_class":"rect","constrainProportions":true,"height":51.85185185185185,"width":70,"x":0,"y":0},"isFlippedHorizontal":false,"isFlippedVertical":false,"isLocked":false,"isVisible":true,"layerListExpandedType":0,"name":"A","nameIsFixed":false,"resizingType":0,"rotation":0,"shouldBreakMaskChain":false,"userInfo":{"com.animaapp.stc-sketch-plugin":{"kModelPropertiesKey":{"constraints":{"model_version":0.1,"aspectRatio":{"constant":51.85185,"model_version":0.1,"enabled":1,"modelID":"constraint_6955bae6-f4a3-4411-a371-4a253bdc6c7e","model_class":"ADModelConstraint","multiplier":70},"modelID":"viewConstraints_bbe81f13-52c1-4485-864a-efdb88a851e4","model_class":"ADModelViewConstraints","automatic":1}}}},"style":{"_class":"style","endDecorationType":0,"miterLimit":10,"startDecorationType":0},"horizontalSpacing":0,"masterInfluenceEdgeMaxXPadding":0,"masterInfluenceEdgeMaxYPadding":0,"masterInfluenceEdgeMinXPadding":0,"masterInfluenceEdgeMinYPadding":0,"symbolID":"45A64CB3-C908-4C44-A9A7-0A9CACAE6FBA","verticalSpacing":0}]},{"_class":"group","do_objectID":"0951103F-3928-4B2D-8B32-4DE782CC9FAA","exportOptions":{"_class":"exportOptions","exportFormats":[],"includedLayerIds":[],"layerOptions":0,"shouldTrim":false},"frame":{"_class":"rect","constrainProportions":true,"height":53,"width":270,"x":0,"y":81},"isFlippedHorizontal":false,"isFlippedVertical":false,"isLocked":false,"isVisible":true,"layerListExpandedType":0,"name":"row-8","nameIsFixed":false,"resizingType":0,"rotation":0,"shouldBreakMaskChain":false,"userInfo":{"com.animaapp.stc-sketch-plugin":{"kModelPropertiesKey":{"constraints":{"model_version":0.1,"aspectRatio":{"constant":53,"model_version":0.1,"enabled":1,"modelID":"constraint_bae6cbed-2041-4d16-a023-24f24affb0ae","model_class":"ADModelConstraint","multiplier":270},"modelID":"viewConstraints_7b39c5c2-94c6-488b-92db-21ff58502a3f","model_class":"ADModelViewConstraints","automatic":1}}}},"style":{"_class":"style","endDecorationType":0,"miterLimit":10,"startDecorationType":0},"hasClickThrough":false,"layers":[{"_class":"symbolInstance","do_objectID":"9BC7DCA9-C6F4-4871-88B6-AE47EDCBF24B","exportOptions":{"_class":"exportOptions","exportFormats":[],"includedLayerIds":[],"layerOptions":0,"shouldTrim":false},"frame":{"_class":"rect","constrainProportions":true,"height":51.85185185185185,"width":70,"x":100,"y":0.851851851851734},"isFlippedHorizontal":false,"isFlippedVertical":false,"isLocked":false,"isVisible":true,"layerListExpandedType":0,"name":"A","nameIsFixed":false,"resizingType":0,"rotation":0,"shouldBreakMaskChain":false,"userInfo":{"com.animaapp.stc-sketch-plugin":{"kModelPropertiesKey":{"constraints":{"model_version":0.1,"aspectRatio":{"constant":51.85185,"model_version":0.1,"enabled":1,"modelID":"constraint_64bd7837-5cf6-47be-a590-42c9dde21e78","model_class":"ADModelConstraint","multiplier":70},"modelID":"viewConstraints_f0f6e927-c3d2-44a6-a07d-04a829a1a6a4","model_class":"ADModelViewConstraints","automatic":1}}}},"style":{"_class":"style","endDecorationType":0,"miterLimit":10,"startDecorationType":0},"horizontalSpacing":0,"masterInfluenceEdgeMaxXPadding":0,"masterInfluenceEdgeMaxYPadding":0,"masterInfluenceEdgeMinXPadding":0,"masterInfluenceEdgeMinYPadding":0,"symbolID":"3FE54398-134E-4272-8133-2C5824DDA53C","verticalSpacing":0},{"_class":"symbolInstance","do_objectID":"B79C4A3C-B4BF-4892-93C6-FFB8BE739377","exportOptions":{"_class":"exportOptions","exportFormats":[],"includedLayerIds":[],"layerOptions":0,"shouldTrim":false},"frame":{"_class":"rect","constrainProportions":true,"height":51.85185185185185,"width":70,"x":200,"y":0.851851851851734},"isFlippedHorizontal":false,"isFlippedVertical":false,"isLocked":false,"isVisible":true,"layerListExpandedType":0,"name":"A","nameIsFixed":false,"resizingType":0,"rotation":0,"shouldBreakMaskChain":false,"userInfo":{"com.animaapp.stc-sketch-plugin":{"kModelPropertiesKey":{"constraints":{"model_version":0.1,"aspectRatio":{"constant":51.85185,"model_version":0.1,"enabled":1,"modelID":"constraint_7c35a00a-bf4c-413c-856b-970a15c6888e","model_class":"ADModelConstraint","multiplier":70},"modelID":"viewConstraints_e7a2f00d-4c57-4575-8f1a-69bc2f64e329","model_class":"ADModelViewConstraints","automatic":1}}}},"style":{"_class":"style","endDecorationType":0,"miterLimit":10,"startDecorationType":0},"horizontalSpacing":0,"masterInfluenceEdgeMaxXPadding":0,"masterInfluenceEdgeMaxYPadding":0,"masterInfluenceEdgeMinXPadding":0,"masterInfluenceEdgeMinYPadding":0,"symbolID":"0D9F1603-02D4-4693-BCCB-8BABE992DB33","verticalSpacing":0},{"_class":"symbolInstance","do_objectID":"24A7A3C4-23C7-49C8-8DFB-BAD86C521AE5","exportOptions":{"_class":"exportOptions","exportFormats":[],"includedLayerIds":[],"layerOptions":0,"shouldTrim":false},"frame":{"_class":"rect","constrainProportions":true,"height":51.85185185185185,"width":70,"x":0,"y":0.851851851851734},"isFlippedHorizontal":false,"isFlippedVertical":false,"isLocked":false,"isVisible":true,"layerListExpandedType":0,"name":"A","nameIsFixed":false,"resizingType":0,"rotation":0,"shouldBreakMaskChain":false,"userInfo":{"com.animaapp.stc-sketch-plugin":{"kModelPropertiesKey":{"constraints":{"model_version":0.1,"aspectRatio":{"constant":51.85185,"model_version":0.1,"enabled":1,"modelID":"constraint_b091caad-4743-48d5-a6bd-b923dad6043b","model_class":"ADModelConstraint","multiplier":70},"modelID":"viewConstraints_95fded98-aa27-4aca-ba98-822391e543d4","model_class":"ADModelViewConstraints","automatic":1}}}},"style":{"_class":"style","endDecorationType":0,"miterLimit":10,"startDecorationType":0},"horizontalSpacing":0,"masterInfluenceEdgeMaxXPadding":0,"masterInfluenceEdgeMaxYPadding":0,"masterInfluenceEdgeMinXPadding":0,"masterInfluenceEdgeMinYPadding":0,"symbolID":"246A66F6-89FE-489D-AA6D-1EEA2A34139C","verticalSpacing":0}]},{"_class":"group","do_objectID":"958A8966-38A7-4768-8887-17C38BF94CE4","exportOptions":{"_class":"exportOptions","exportFormats":[],"includedLayerIds":[],"layerOptions":0,"shouldTrim":false},"frame":{"_class":"rect","constrainProportions":true,"height":53,"width":270,"x":0,"y":163},"isFlippedHorizontal":false,"isFlippedVertical":false,"isLocked":false,"isVisible":true,"layerListExpandedType":0,"name":"row-9","nameIsFixed":false,"resizingType":0,"rotation":0,"shouldBreakMaskChain":false,"userInfo":{"com.animaapp.stc-sketch-plugin":{"kModelPropertiesKey":{"constraints":{"model_version":0.1,"aspectRatio":{"constant":53,"model_version":0.1,"enabled":1,"modelID":"constraint_fb98cda3-1a14-4b4f-ab66-490991ab7e68","model_class":"ADModelConstraint","multiplier":270},"modelID":"viewConstraints_ecced030-8b8d-46d0-bf97-c757302c9015","model_class":"ADModelViewConstraints","automatic":1}}}},"style":{"_class":"style","endDecorationType":0,"miterLimit":10,"startDecorationType":0},"hasClickThrough":false,"layers":[{"_class":"symbolInstance","do_objectID":"91DE8486-2403-4DDA-9675-1A557B87DF2C","exportOptions":{"_class":"exportOptions","exportFormats":[],"includedLayerIds":[],"layerOptions":0,"shouldTrim":false},"frame":{"_class":"rect","constrainProportions":true,"height":51.85185185185185,"width":70,"x":100,"y":0.7037037037034679},"isFlippedHorizontal":false,"isFlippedVertical":false,"isLocked":false,"isVisible":true,"layerListExpandedType":0,"name":"A","nameIsFixed":false,"resizingType":0,"rotation":0,"shouldBreakMaskChain":false,"userInfo":{"com.animaapp.stc-sketch-plugin":{"kModelPropertiesKey":{"constraints":{"model_version":0.1,"aspectRatio":{"constant":51.85185,"model_version":0.1,"enabled":1,"modelID":"constraint_bbe402dd-ebb4-4890-b3c7-5f9d85106b30","model_class":"ADModelConstraint","multiplier":70},"modelID":"viewConstraints_8ddd92a4-bc8b-4627-9743-42cf402aecd9","model_class":"ADModelViewConstraints","automatic":1}}}},"style":{"_class":"style","endDecorationType":0,"miterLimit":10,"startDecorationType":0},"horizontalSpacing":0,"masterInfluenceEdgeMaxXPadding":0,"masterInfluenceEdgeMaxYPadding":0,"masterInfluenceEdgeMinXPadding":0,"masterInfluenceEdgeMinYPadding":0,"symbolID":"C4F52D32-C3B4-4ACA-BB73-869E22F5D2F8","verticalSpacing":0},{"_class":"symbolInstance","do_objectID":"6096E09C-54AC-4E1D-BCF6-4A4CA9978411","exportOptions":{"_class":"exportOptions","exportFormats":[],"includedLayerIds":[],"layerOptions":0,"shouldTrim":false},"frame":{"_class":"rect","constrainProportions":true,"height":51.85185185185185,"width":70,"x":200,"y":0.7037037037034679},"isFlippedHorizontal":false,"isFlippedVertical":false,"isLocked":false,"isVisible":true,"layerListExpandedType":0,"name":"A","nameIsFixed":false,"resizingType":0,"rotation":0,"shouldBreakMaskChain":false,"userInfo":{"com.animaapp.stc-sketch-plugin":{"kModelPropertiesKey":{"constraints":{"model_version":0.1,"aspectRatio":{"constant":51.85185,"model_version":0.1,"enabled":1,"modelID":"constraint_914e5e64-8ca8-4646-82f0-966917692682","model_class":"ADModelConstraint","multiplier":70},"modelID":"viewConstraints_284b3bff-b8e7-439b-abae-96c9df83ea5a","model_class":"ADModelViewConstraints","automatic":1}}}},"style":{"_class":"style","endDecorationType":0,"miterLimit":10,"startDecorationType":0},"horizontalSpacing":0,"masterInfluenceEdgeMaxXPadding":0,"masterInfluenceEdgeMaxYPadding":0,"masterInfluenceEdgeMinXPadding":0,"masterInfluenceEdgeMinYPadding":2,"symbolID":"E16B79D7-98B5-4774-AD25-4A6FF329FCCA","verticalSpacing":0},{"_class":"symbolInstance","do_objectID":"034BDFD4-2CF1-4849-A37E-D1495E40D154","exportOptions":{"_class":"exportOptions","exportFormats":[],"includedLayerIds":[],"layerOptions":0,"shouldTrim":false},"frame":{"_class":"rect","constrainProportions":true,"height":51.85185185185185,"width":70,"x":0,"y":0.7037037037034679},"isFlippedHorizontal":false,"isFlippedVertical":false,"isLocked":false,"isVisible":true,"layerListExpandedType":0,"name":"A","nameIsFixed":false,"resizingType":0,"rotation":0,"shouldBreakMaskChain":false,"userInfo":{"com.animaapp.stc-sketch-plugin":{"kModelPropertiesKey":{"constraints":{"model_version":0.1,"aspectRatio":{"constant":51.85185,"model_version":0.1,"enabled":1,"modelID":"constraint_70364a3a-eccd-44d9-8b52-040f297acbdd","model_class":"ADModelConstraint","multiplier":70},"modelID":"viewConstraints_4bdee8fc-4aa0-4b39-a424-856210fbfab6","model_class":"ADModelViewConstraints","automatic":1}}}},"style":{"_class":"style","endDecorationType":0,"miterLimit":10,"startDecorationType":0},"horizontalSpacing":0,"masterInfluenceEdgeMaxXPadding":0,"masterInfluenceEdgeMaxYPadding":0,"masterInfluenceEdgeMinXPadding":0,"masterInfluenceEdgeMinYPadding":0,"symbolID":"FD1CC3DB-8A27-4200-AA20-8F11372BB8DA","verticalSpacing":0}]},{"_class":"group","do_objectID":"BE59360B-6E9A-4C17-9325-0D81BD3AD13C","exportOptions":{"_class":"exportOptions","exportFormats":[],"includedLayerIds":[],"layerOptions":0,"shouldTrim":false},"frame":{"_class":"rect","constrainProportions":true,"height":53,"width":270,"x":0,"y":245},"isFlippedHorizontal":false,"isFlippedVertical":false,"isLocked":false,"isVisible":true,"layerListExpandedType":0,"name":"row-10","nameIsFixed":false,"resizingType":0,"rotation":0,"shouldBreakMaskChain":false,"userInfo":{"com.animaapp.stc-sketch-plugin":{"kModelPropertiesKey":{"constraints":{"model_version":0.1,"aspectRatio":{"constant":53,"model_version":0.1,"enabled":1,"modelID":"constraint_cdd7f359-3d40-4616-ab00-f82e11929ad5","model_class":"ADModelConstraint","multiplier":270},"modelID":"viewConstraints_4b5fef3c-0662-4158-b2fd-5659132a1be9","model_class":"ADModelViewConstraints","automatic":1}}}},"style":{"_class":"style","endDecorationType":0,"miterLimit":10,"startDecorationType":0},"hasClickThrough":false,"layers":[{"_class":"symbolInstance","do_objectID":"DDDD6AE6-D1F7-44E4-9D7C-C2747CDC5163","exportOptions":{"_class":"exportOptions","exportFormats":[],"includedLayerIds":[],"layerOptions":0,"shouldTrim":false},"frame":{"_class":"rect","constrainProportions":true,"height":51.85185185185185,"width":70,"x":100,"y":0.5555555555557135},"isFlippedHorizontal":false,"isFlippedVertical":false,"isLocked":false,"isVisible":true,"layerListExpandedType":0,"name":"A","nameIsFixed":false,"resizingType":0,"rotation":0,"shouldBreakMaskChain":false,"userInfo":{"com.animaapp.stc-sketch-plugin":{"kModelPropertiesKey":{"constraints":{"model_version":0.1,"aspectRatio":{"constant":51.85185,"model_version":0.1,"enabled":1,"modelID":"constraint_289d4a52-104a-435d-8ec1-2af8778308fd","model_class":"ADModelConstraint","multiplier":70},"modelID":"viewConstraints_4888cab6-008f-42be-9742-b758db46ee3d","model_class":"ADModelViewConstraints","automatic":1}}}},"style":{"_class":"style","endDecorationType":0,"miterLimit":10,"startDecorationType":0},"horizontalSpacing":0,"masterInfluenceEdgeMaxXPadding":0,"masterInfluenceEdgeMaxYPadding":0,"masterInfluenceEdgeMinXPadding":0,"masterInfluenceEdgeMinYPadding":0,"symbolID":"E6666739-1F7F-49E3-A438-A1B8C4D9C386","verticalSpacing":0},{"_class":"symbolInstance","do_objectID":"3D8E00BE-0C6A-4940-B831-1CD6328D962C","exportOptions":{"_class":"exportOptions","exportFormats":[],"includedLayerIds":[],"layerOptions":0,"shouldTrim":false},"frame":{"_class":"rect","constrainProportions":true,"height":51.85185185185185,"width":70,"x":200,"y":0.5555555555557135},"isFlippedHorizontal":false,"isFlippedVertical":false,"isLocked":false,"isVisible":true,"layerListExpandedType":0,"name":"A","nameIsFixed":false,"resizingType":0,"rotation":0,"shouldBreakMaskChain":false,"userInfo":{"com.animaapp.stc-sketch-plugin":{"kModelPropertiesKey":{"constraints":{"model_version":0.1,"aspectRatio":{"constant":51.85185,"model_version":0.1,"enabled":1,"modelID":"constraint_70a524ec-94fb-4fe6-a16b-378fa6d5dd44","model_class":"ADModelConstraint","multiplier":70},"modelID":"viewConstraints_1040665c-d746-45f3-914c-fc6c0d337115","model_class":"ADModelViewConstraints","automatic":1}}}},"style":{"_class":"style","endDecorationType":0,"miterLimit":10,"startDecorationType":0},"horizontalSpacing":0,"masterInfluenceEdgeMaxXPadding":0,"masterInfluenceEdgeMaxYPadding":0,"masterInfluenceEdgeMinXPadding":0,"masterInfluenceEdgeMinYPadding":0,"symbolID":"F7DB3716-D11D-4097-BF51-F0DEB612D36F","verticalSpacing":0},{"_class":"symbolInstance","do_objectID":"71FE59BD-95E8-449B-9B74-BF173866AEBB","exportOptions":{"_class":"exportOptions","exportFormats":[],"includedLayerIds":[],"layerOptions":0,"shouldTrim":false},"frame":{"_class":"rect","constrainProportions":true,"height":51.85185185185185,"width":70,"x":0,"y":0.5555555555557135},"isFlippedHorizontal":false,"isFlippedVertical":false,"isLocked":false,"isVisible":true,"layerListExpandedType":0,"name":"A","nameIsFixed":false,"resizingType":0,"rotation":0,"shouldBreakMaskChain":false,"userInfo":{"com.animaapp.stc-sketch-plugin":{"kModelPropertiesKey":{"constraints":{"model_version":0.1,"aspectRatio":{"constant":51.85185,"model_version":0.1,"enabled":1,"modelID":"constraint_56f2243c-3909-4438-ac27-9de758ef628e","model_class":"ADModelConstraint","multiplier":70},"modelID":"viewConstraints_8c1f7814-7c12-42ef-871a-a4c1fbe5f6c9","model_class":"ADModelViewConstraints","automatic":1}}}},"style":{"_class":"style","endDecorationType":0,"miterLimit":10,"startDecorationType":0},"horizontalSpacing":0,"masterInfluenceEdgeMaxXPadding":0,"masterInfluenceEdgeMaxYPadding":0,"masterInfluenceEdgeMinXPadding":0,"masterInfluenceEdgeMinYPadding":0,"symbolID":"C7730CDE-33ED-4C22-8609-BD63C07674F0","verticalSpacing":0}]},{"_class":"group","do_objectID":"7956BF5A-C83C-4651-8496-169424FC8AEA","exportOptions":{"_class":"exportOptions","exportFormats":[],"includedLayerIds":[],"layerOptions":0,"shouldTrim":false},"frame":{"_class":"rect","constrainProportions":true,"height":53,"width":270,"x":0,"y":327},"isFlippedHorizontal":false,"isFlippedVertical":false,"isLocked":false,"isVisible":true,"layerListExpandedType":0,"name":"row-11","nameIsFixed":false,"resizingType":0,"rotation":0,"shouldBreakMaskChain":false,"userInfo":{"com.animaapp.stc-sketch-plugin":{"kModelPropertiesKey":{"constraints":{"model_version":0.1,"aspectRatio":{"constant":53,"model_version":0.1,"enabled":1,"modelID":"constraint_ae37c29d-a032-4a3c-9266-408fc963a61d","model_class":"ADModelConstraint","multiplier":270},"modelID":"viewConstraints_7f187063-1931-434a-a958-068f433c9f89","model_class":"ADModelViewConstraints","automatic":1}}}},"style":{"_class":"style","endDecorationType":0,"miterLimit":10,"startDecorationType":0},"hasClickThrough":false,"layers":[{"_class":"symbolInstance","do_objectID":"876E683E-25F3-4540-B006-7521AC603E5C","exportOptions":{"_class":"exportOptions","exportFormats":[],"includedLayerIds":[],"layerOptions":0,"shouldTrim":false},"frame":{"_class":"rect","constrainProportions":true,"height":51.85185185185185,"width":70,"x":100,"y":0.4074074074073906},"isFlippedHorizontal":false,"isFlippedVertical":false,"isLocked":false,"isVisible":true,"layerListExpandedType":0,"name":"A","nameIsFixed":false,"resizingType":0,"rotation":0,"shouldBreakMaskChain":false,"userInfo":{"com.animaapp.stc-sketch-plugin":{"kModelPropertiesKey":{"constraints":{"model_version":0.1,"aspectRatio":{"constant":51.85185,"model_version":0.1,"enabled":1,"modelID":"constraint_a0a52676-2e46-4696-8f0c-f77ce5f3ee28","model_class":"ADModelConstraint","multiplier":70},"modelID":"viewConstraints_899872b7-5dab-4ccd-8391-54477a6d56ec","model_class":"ADModelViewConstraints","automatic":1}}}},"style":{"_class":"style","endDecorationType":0,"miterLimit":10,"startDecorationType":0},"horizontalSpacing":0,"masterInfluenceEdgeMaxXPadding":0,"masterInfluenceEdgeMaxYPadding":0,"masterInfluenceEdgeMinXPadding":0,"masterInfluenceEdgeMinYPadding":2,"symbolID":"BEF3EF53-A24F-401D-94B2-59AF069AF1B4","verticalSpacing":0},{"_class":"symbolInstance","do_objectID":"DD19C578-9117-4247-B33C-B7B22F1C097D","exportOptions":{"_class":"exportOptions","exportFormats":[],"includedLayerIds":[],"layerOptions":0,"shouldTrim":false},"frame":{"_class":"rect","constrainProportions":true,"height":51.85185185185185,"width":70,"x":200,"y":0.4074074074073906},"isFlippedHorizontal":false,"isFlippedVertical":false,"isLocked":false,"isVisible":true,"layerListExpandedType":0,"name":"A","nameIsFixed":false,"resizingType":0,"rotation":0,"shouldBreakMaskChain":false,"userInfo":{"com.animaapp.stc-sketch-plugin":{"kModelPropertiesKey":{"constraints":{"model_version":0.1,"aspectRatio":{"constant":51.85185,"model_version":0.1,"enabled":1,"modelID":"constraint_ab7d3df9-fa45-49cf-ae86-5733f183475c","model_class":"ADModelConstraint","multiplier":70},"modelID":"viewConstraints_a462e20d-7bc0-4898-8206-d64f38bf7e8a","model_class":"ADModelViewConstraints","automatic":1}}}},"style":{"_class":"style","endDecorationType":0,"miterLimit":10,"startDecorationType":0},"horizontalSpacing":0,"masterInfluenceEdgeMaxXPadding":0,"masterInfluenceEdgeMaxYPadding":0,"masterInfluenceEdgeMinXPadding":0,"masterInfluenceEdgeMinYPadding":0,"symbolID":"4721AB44-7A79-4DA0-8CC4-9C8EB12A6193","verticalSpacing":0},{"_class":"symbolInstance","do_objectID":"C957F701-F149-49A8-9981-06B6E6B5B1D0","exportOptions":{"_class":"exportOptions","exportFormats":[],"includedLayerIds":[],"layerOptions":0,"shouldTrim":false},"frame":{"_class":"rect","constrainProportions":true,"height":51.85185185185185,"width":70,"x":0,"y":0.4074074074073906},"isFlippedHorizontal":false,"isFlippedVertical":false,"isLocked":false,"isVisible":true,"layerListExpandedType":0,"name":"A","nameIsFixed":false,"resizingType":0,"rotation":0,"shouldBreakMaskChain":false,"userInfo":{"com.animaapp.stc-sketch-plugin":{"kModelPropertiesKey":{"constraints":{"model_version":0.1,"aspectRatio":{"constant":51.85185,"model_version":0.1,"enabled":1,"modelID":"constraint_1bbcb25d-86b8-4b67-a351-c3b576bcf6e7","model_class":"ADModelConstraint","multiplier":70},"modelID":"viewConstraints_f62334bb-9d20-4490-8495-a35befcb6df7","model_class":"ADModelViewConstraints","automatic":1}}}},"style":{"_class":"style","endDecorationType":0,"miterLimit":10,"startDecorationType":0},"horizontalSpacing":0,"masterInfluenceEdgeMaxXPadding":0,"masterInfluenceEdgeMaxYPadding":0,"masterInfluenceEdgeMinXPadding":0,"masterInfluenceEdgeMinYPadding":0,"symbolID":"FFCA5D2D-CDD1-4D0F-A500-512B091736A7","verticalSpacing":0}]},{"_class":"group","do_objectID":"47EA52E0-7435-4081-8367-AEE9202E449A","exportOptions":{"_class":"exportOptions","exportFormats":[],"includedLayerIds":[],"layerOptions":0,"shouldTrim":false},"frame":{"_class":"rect","constrainProportions":true,"height":53,"width":270,"x":0,"y":409},"isFlippedHorizontal":false,"isFlippedVertical":false,"isLocked":false,"isVisible":true,"layerListExpandedType":0,"name":"row-12","nameIsFixed":false,"resizingType":0,"rotation":0,"shouldBreakMaskChain":false,"userInfo":{"com.animaapp.stc-sketch-plugin":{"kModelPropertiesKey":{"constraints":{"model_version":0.1,"aspectRatio":{"constant":53,"model_version":0.1,"enabled":1,"modelID":"constraint_3e249913-cd09-420a-9933-789ea73702ea","model_class":"ADModelConstraint","multiplier":270},"modelID":"viewConstraints_1cd406da-374b-4254-aff1-2d778224df2f","model_class":"ADModelViewConstraints","automatic":1}}}},"style":{"_class":"style","endDecorationType":0,"miterLimit":10,"startDecorationType":0},"hasClickThrough":false,"layers":[{"_class":"symbolInstance","do_objectID":"0CC11575-1390-4672-9F86-DC6232ACB404","exportOptions":{"_class":"exportOptions","exportFormats":[],"includedLayerIds":[],"layerOptions":0,"shouldTrim":false},"frame":{"_class":"rect","constrainProportions":true,"height":51.85185185185185,"width":70,"x":100,"y":0.2592592592591245},"isFlippedHorizontal":false,"isFlippedVertical":false,"isLocked":false,"isVisible":true,"layerListExpandedType":0,"name":"A","nameIsFixed":false,"resizingType":0,"rotation":0,"shouldBreakMaskChain":false,"userInfo":{"com.animaapp.stc-sketch-plugin":{"kModelPropertiesKey":{"constraints":{"model_version":0.1,"aspectRatio":{"constant":51.85185,"model_version":0.1,"enabled":1,"modelID":"constraint_19511481-5af5-4fb0-acc3-fbd16b85eea0","model_class":"ADModelConstraint","multiplier":70},"modelID":"viewConstraints_0078f24d-97c0-487b-989c-da32986c7843","model_class":"ADModelViewConstraints","automatic":1}}}},"style":{"_class":"style","endDecorationType":0,"miterLimit":10,"startDecorationType":0},"horizontalSpacing":0,"masterInfluenceEdgeMaxXPadding":0,"masterInfluenceEdgeMaxYPadding":0,"masterInfluenceEdgeMinXPadding":0,"masterInfluenceEdgeMinYPadding":0,"symbolID":"7437DD04-74FD-46E3-A3E7-D3FC58D40CE3","verticalSpacing":0},{"_class":"symbolInstance","do_objectID":"648BB941-762F-491E-BD4A-19562B0873C7","exportOptions":{"_class":"exportOptions","exportFormats":[],"includedLayerIds":[],"layerOptions":0,"shouldTrim":false},"frame":{"_class":"rect","constrainProportions":true,"height":51.85185185185185,"width":70,"x":200,"y":0.2592592592591245},"isFlippedHorizontal":false,"isFlippedVertical":false,"isLocked":false,"isVisible":true,"layerListExpandedType":0,"name":"A","nameIsFixed":false,"resizingType":0,"rotation":0,"shouldBreakMaskChain":false,"userInfo":{"com.animaapp.stc-sketch-plugin":{"kModelPropertiesKey":{"constraints":{"model_version":0.1,"aspectRatio":{"constant":51.85185,"model_version":0.1,"enabled":1,"modelID":"constraint_653437fb-fda2-40d6-81c0-bf4d0a08a468","model_class":"ADModelConstraint","multiplier":70},"modelID":"viewConstraints_d768e6bc-0553-4261-8f2a-ca540c3bb3e1","model_class":"ADModelViewConstraints","automatic":1}}}},"style":{"_class":"style","endDecorationType":0,"miterLimit":10,"startDecorationType":0},"horizontalSpacing":0,"masterInfluenceEdgeMaxXPadding":0,"masterInfluenceEdgeMaxYPadding":0,"masterInfluenceEdgeMinXPadding":0,"masterInfluenceEdgeMinYPadding":0,"symbolID":"D7EFB63E-73DF-4449-A64D-772F89E7A830","verticalSpacing":0},{"_class":"symbolInstance","do_objectID":"9EB1457C-08C9-40E1-95B8-06AB507071FC","exportOptions":{"_class":"exportOptions","exportFormats":[],"includedLayerIds":[],"layerOptions":0,"shouldTrim":false},"frame":{"_class":"rect","constrainProportions":true,"height":51.85185185185185,"width":70,"x":0,"y":0.2592592592591245},"isFlippedHorizontal":false,"isFlippedVertical":false,"isLocked":false,"isVisible":true,"layerListExpandedType":0,"name":"A","nameIsFixed":false,"resizingType":0,"rotation":0,"shouldBreakMaskChain":false,"userInfo":{"com.animaapp.stc-sketch-plugin":{"kModelPropertiesKey":{"constraints":{"model_version":0.1,"aspectRatio":{"constant":51.85185,"model_version":0.1,"enabled":1,"modelID":"constraint_847fe9d9-c734-44b1-9fea-f371b0f246df","model_class":"ADModelConstraint","multiplier":70},"modelID":"viewConstraints_fc2d63c2-bced-44a0-8ad2-b5ccbc32282f","model_class":"ADModelViewConstraints","automatic":1}}}},"style":{"_class":"style","endDecorationType":0,"miterLimit":10,"startDecorationType":0},"horizontalSpacing":0,"masterInfluenceEdgeMaxXPadding":0,"masterInfluenceEdgeMaxYPadding":0,"masterInfluenceEdgeMinXPadding":0,"masterInfluenceEdgeMinYPadding":0,"symbolID":"4AAAE6B1-79AB-48D1-A2BD-0B8DE60F5211","verticalSpacing":0}]}]},{"_class":"symbolInstance","do_objectID":"5B9736DD-2E9E-48FD-9B9A-9F4AE5D1110F","exportOptions":{"_class":"exportOptions","exportFormats":[],"includedLayerIds":[],"layerOptions":0,"shouldTrim":false},"frame":{"_class":"rect","constrainProportions":true,"height":51.85185185185185,"width":70,"x":1788,"y":306},"isFlippedHorizontal":false,"isFlippedVertical":false,"isLocked":false,"isVisible":true,"layerListExpandedType":0,"name":"1","nameIsFixed":false,"resizingType":0,"rotation":0,"shouldBreakMaskChain":false,"userInfo":{"com.animaapp.stc-sketch-plugin":{"kModelPropertiesKey":{"constraints":{"model_version":0.1,"aspectRatio":{"constant":51.85185,"model_version":0.1,"enabled":1,"modelID":"constraint_bd4cd725-a2ef-4922-9881-fcccd9f175fe","model_class":"ADModelConstraint","multiplier":70},"modelID":"viewConstraints_31f7d064-4854-4a60-aa18-f1a242d7e185","model_class":"ADModelViewConstraints","automatic":1}}}},"style":{"_class":"style","endDecorationType":0,"miterLimit":10,"startDecorationType":0},"horizontalSpacing":0,"masterInfluenceEdgeMaxXPadding":0,"masterInfluenceEdgeMaxYPadding":0,"masterInfluenceEdgeMinXPadding":0,"masterInfluenceEdgeMinYPadding":0,"symbolID":"E71251BB-18AF-4006-8B39-4A0DB9B889CE","verticalSpacing":0},{"_class":"symbolInstance","do_objectID":"BEE047E7-339B-421B-9F3A-492F4DB1A7C9","exportOptions":{"_class":"exportOptions","exportFormats":[],"includedLayerIds":[],"layerOptions":0,"shouldTrim":false},"frame":{"_class":"rect","constrainProportions":true,"height":51.85185185185185,"width":70,"x":2088,"y":306},"isFlippedHorizontal":false,"isFlippedVertical":false,"isLocked":false,"isVisible":true,"layerListExpandedType":0,"name":"1","nameIsFixed":false,"resizingType":0,"rotation":0,"shouldBreakMaskChain":false,"userInfo":{"com.animaapp.stc-sketch-plugin":{"kModelPropertiesKey":{"constraints":{"model_version":0.1,"aspectRatio":{"constant":51.85185,"model_version":0.1,"enabled":1,"modelID":"constraint_08b0b440-105a-4630-85cb-645b806cf2b3","model_class":"ADModelConstraint","multiplier":70},"modelID":"viewConstraints_c4f63b33-f706-4ef9-8740-3da944de7d7a","model_class":"ADModelViewConstraints","automatic":1}}}},"style":{"_class":"style","endDecorationType":0,"miterLimit":10,"startDecorationType":0},"horizontalSpacing":0,"masterInfluenceEdgeMaxXPadding":0,"masterInfluenceEdgeMaxYPadding":0,"masterInfluenceEdgeMinXPadding":0,"masterInfluenceEdgeMinYPadding":0,"symbolID":"A776B5D7-04EF-401E-BD93-3453D2AD8FE0","verticalSpacing":0},{"_class":"symbolInstance","do_objectID":"6078A0BE-4195-4337-9762-AB1ED34CA10A","exportOptions":{"_class":"exportOptions","exportFormats":[],"includedLayerIds":[],"layerOptions":0,"shouldTrim":false},"frame":{"_class":"rect","constrainProportions":true,"height":51.85185185185185,"width":70,"x":1888,"y":306},"isFlippedHorizontal":false,"isFlippedVertical":false,"isLocked":false,"isVisible":true,"layerListExpandedType":0,"name":"1","nameIsFixed":false,"resizingType":0,"rotation":0,"shouldBreakMaskChain":false,"userInfo":{"com.animaapp.stc-sketch-plugin":{"kModelPropertiesKey":{"constraints":{"model_version":0.1,"aspectRatio":{"constant":51.85185,"model_version":0.1,"enabled":1,"modelID":"constraint_7f0bc38d-c3ee-44ce-9c86-4e666625932b","model_class":"ADModelConstraint","multiplier":70},"modelID":"viewConstraints_2068cde2-7fb2-4fba-bf83-f390db317506","model_class":"ADModelViewConstraints","automatic":1}}}},"style":{"_class":"style","endDecorationType":0,"miterLimit":10,"startDecorationType":0},"horizontalSpacing":0,"masterInfluenceEdgeMaxXPadding":0,"masterInfluenceEdgeMaxYPadding":0,"masterInfluenceEdgeMinXPadding":0,"masterInfluenceEdgeMinYPadding":0,"symbolID":"251F9155-C649-4E06-A712-0CE3A66009D8","verticalSpacing":0},{"_class":"symbolInstance","do_objectID":"2DD6280C-BC72-4B88-8B03-6DE48A65087E","exportOptions":{"_class":"exportOptions","exportFormats":[],"includedLayerIds":[],"layerOptions":0,"shouldTrim":false},"frame":{"_class":"rect","constrainProportions":true,"height":51.85185185185185,"width":70,"x":1688,"y":306},"isFlippedHorizontal":false,"isFlippedVertical":false,"isLocked":false,"isVisible":true,"layerListExpandedType":0,"name":"1","nameIsFixed":false,"resizingType":0,"rotation":0,"shouldBreakMaskChain":false,"userInfo":{"com.animaapp.stc-sketch-plugin":{"kModelPropertiesKey":{"constraints":{"model_version":0.1,"aspectRatio":{"constant":51.85185,"model_version":0.1,"enabled":1,"modelID":"constraint_b4d36647-b47e-4a64-bfa8-9dd641fe8e25","model_class":"ADModelConstraint","multiplier":70},"modelID":"viewConstraints_29a0dd15-22c3-4538-9bc8-342505126634","model_class":"ADModelViewConstraints","automatic":1}}}},"style":{"_class":"style","endDecorationType":0,"miterLimit":10,"startDecorationType":0},"horizontalSpacing":0,"masterInfluenceEdgeMaxXPadding":0,"masterInfluenceEdgeMaxYPadding":0,"masterInfluenceEdgeMinXPadding":0,"masterInfluenceEdgeMinYPadding":0,"symbolID":"4E75D469-ED93-4094-A636-EA804280B822","verticalSpacing":0},{"_class":"symbolInstance","do_objectID":"3C87BFCE-6B35-441A-B3E5-EAA06980D031","exportOptions":{"_class":"exportOptions","exportFormats":[],"includedLayerIds":[],"layerOptions":0,"shouldTrim":false},"frame":{"_class":"rect","constrainProportions":true,"height":51.85185185185185,"width":70,"x":1988,"y":306},"isFlippedHorizontal":false,"isFlippedVertical":false,"isLocked":false,"isVisible":true,"layerListExpandedType":0,"name":"1","nameIsFixed":false,"resizingType":0,"rotation":0,"shouldBreakMaskChain":false,"userInfo":{"com.animaapp.stc-sketch-plugin":{"kModelPropertiesKey":{"constraints":{"model_version":0.1,"aspectRatio":{"constant":51.85185,"model_version":0.1,"enabled":1,"modelID":"constraint_5794ac31-f196-48e9-887f-986aa4a202ab","model_class":"ADModelConstraint","multiplier":70},"modelID":"viewConstraints_25cdf691-47ad-4a9c-96ca-6623a9134ab3","model_class":"ADModelViewConstraints","automatic":1}}}},"style":{"_class":"style","endDecorationType":0,"miterLimit":10,"startDecorationType":0},"horizontalSpacing":0,"masterInfluenceEdgeMaxXPadding":0,"masterInfluenceEdgeMaxYPadding":0,"masterInfluenceEdgeMinXPadding":0,"masterInfluenceEdgeMinYPadding":0,"symbolID":"50073E0B-D1DD-4A68-8D3B-6594CA96A5BA","verticalSpacing":0},{"_class":"group","do_objectID":"E1F54E32-D7D8-4509-BAEF-654C73572E45","exportOptions":{"_class":"exportOptions","exportFormats":[],"includedLayerIds":[],"layerOptions":0,"shouldTrim":false},"frame":{"_class":"rect","constrainProportions":false,"height":52,"width":470,"x":1693,"y":388},"isFlippedHorizontal":false,"isFlippedVertical":false,"isLocked":false,"isVisible":true,"layerListExpandedType":1,"name":"Group 2","nameIsFixed":false,"resizingType":0,"rotation":0,"shouldBreakMaskChain":false,"userInfo":{"com.animaapp.stc-sketch-plugin":{"kModelPropertiesKey":{}}},"style":{"_class":"style","endDecorationType":0,"miterLimit":10,"startDecorationType":0},"hasClickThrough":false,"layers":[{"_class":"symbolInstance","do_objectID":"F346B5CB-31D5-4559-9573-DA98D0A13E9B","exportOptions":{"_class":"exportOptions","exportFormats":[],"includedLayerIds":[],"layerOptions":0,"shouldTrim":false},"frame":{"_class":"rect","constrainProportions":true,"height":51.85185185185185,"width":70,"x":200,"y":0},"isFlippedHorizontal":false,"isFlippedVertical":false,"isLocked":false,"isVisible":true,"layerListExpandedType":0,"name":"1","nameIsFixed":false,"resizingType":0,"rotation":0,"shouldBreakMaskChain":false,"userInfo":{"com.animaapp.stc-sketch-plugin":{"kModelPropertiesKey":{"constraints":{"model_version":0.1,"aspectRatio":{"constant":51.85185,"model_version":0.1,"enabled":1,"modelID":"constraint_985f516d-ffb0-44d3-bb23-4377610a727e","model_class":"ADModelConstraint","multiplier":70},"modelID":"viewConstraints_a9eefbad-cd17-48af-8332-f8a2b384fcad","model_class":"ADModelViewConstraints","automatic":1}}}},"style":{"_class":"style","endDecorationType":0,"miterLimit":10,"startDecorationType":0},"horizontalSpacing":0,"masterInfluenceEdgeMaxXPadding":0,"masterInfluenceEdgeMaxYPadding":0,"masterInfluenceEdgeMinXPadding":0,"masterInfluenceEdgeMinYPadding":0,"symbolID":"4F78E156-E3A8-411C-8D6B-C94EE560977D","verticalSpacing":0},{"_class":"symbolInstance","do_objectID":"92538C23-9A94-454E-8073-D09FB75438F1","exportOptions":{"_class":"exportOptions","exportFormats":[],"includedLayerIds":[],"layerOptions":0,"shouldTrim":false},"frame":{"_class":"rect","constrainProportions":true,"height":51.85185185185185,"width":70,"x":300,"y":0},"isFlippedHorizontal":false,"isFlippedVertical":false,"isLocked":false,"isVisible":true,"layerListExpandedType":0,"name":"1","nameIsFixed":false,"resizingType":0,"rotation":0,"shouldBreakMaskChain":false,"userInfo":{"com.animaapp.stc-sketch-plugin":{"kModelPropertiesKey":{"constraints":{"model_version":0.1,"aspectRatio":{"constant":51.85185,"model_version":0.1,"enabled":1,"modelID":"constraint_2ef7658c-2bd1-4cd3-905e-8e595c959fd1","model_class":"ADModelConstraint","multiplier":70},"modelID":"viewConstraints_8504f0cc-f45e-46dc-8ba5-dc5723cccd19","model_class":"ADModelViewConstraints","automatic":1}}}},"style":{"_class":"style","endDecorationType":0,"miterLimit":10,"startDecorationType":0},"horizontalSpacing":0,"masterInfluenceEdgeMaxXPadding":0,"masterInfluenceEdgeMaxYPadding":0,"masterInfluenceEdgeMinXPadding":0,"masterInfluenceEdgeMinYPadding":0,"symbolID":"73F949E2-C5E9-4E8B-8540-96D07C65881B","verticalSpacing":0},{"_class":"symbolInstance","do_objectID":"13921A11-7675-481B-9ED9-8ECAC4DC3EDB","exportOptions":{"_class":"exportOptions","exportFormats":[],"includedLayerIds":[],"layerOptions":0,"shouldTrim":false},"frame":{"_class":"rect","constrainProportions":true,"height":51.85185185185185,"width":70,"x":400,"y":0},"isFlippedHorizontal":false,"isFlippedVertical":false,"isLocked":false,"isVisible":true,"layerListExpandedType":0,"name":"1","nameIsFixed":false,"resizingType":0,"rotation":0,"shouldBreakMaskChain":false,"userInfo":{"com.animaapp.stc-sketch-plugin":{"kModelPropertiesKey":{"constraints":{"model_version":0.1,"aspectRatio":{"constant":51.85185,"model_version":0.1,"enabled":1,"modelID":"constraint_e62c00df-a15c-4e81-b875-f37ee4dec230","model_class":"ADModelConstraint","multiplier":70},"modelID":"viewConstraints_9bbbbb07-7394-4624-b3d5-246de3f8433b","model_class":"ADModelViewConstraints","automatic":1}}}},"style":{"_class":"style","endDecorationType":0,"miterLimit":10,"startDecorationType":0},"horizontalSpacing":0,"masterInfluenceEdgeMaxXPadding":1,"masterInfluenceEdgeMaxYPadding":0,"masterInfluenceEdgeMinXPadding":0,"masterInfluenceEdgeMinYPadding":0,"symbolID":"41C0F247-BBD6-4041-9175-DB2FAAE447D0","verticalSpacing":0},{"_class":"symbolInstance","do_objectID":"380A2D6E-5282-4722-AC56-4BC9F8991646","exportOptions":{"_class":"exportOptions","exportFormats":[],"includedLayerIds":[],"layerOptions":0,"shouldTrim":false},"frame":{"_class":"rect","constrainProportions":true,"height":51.85185185185185,"width":70,"x":0,"y":0},"isFlippedHorizontal":false,"isFlippedVertical":false,"isLocked":false,"isVisible":true,"layerListExpandedType":0,"name":"1","nameIsFixed":false,"resizingType":0,"rotation":0,"shouldBreakMaskChain":false,"userInfo":{"com.animaapp.stc-sketch-plugin":{"kModelPropertiesKey":{"constraints":{"model_version":0.1,"aspectRatio":{"constant":51.85185,"model_version":0.1,"enabled":1,"modelID":"constraint_83fdc52a-57f0-40a3-a656-3e47cf3cc2f7","model_class":"ADModelConstraint","multiplier":70},"modelID":"viewConstraints_b0816372-8765-45ad-b960-bd0f90b6c237","model_class":"ADModelViewConstraints","automatic":1}}}},"style":{"_class":"style","endDecorationType":0,"miterLimit":10,"startDecorationType":0},"horizontalSpacing":0,"masterInfluenceEdgeMaxXPadding":0,"masterInfluenceEdgeMaxYPadding":0,"masterInfluenceEdgeMinXPadding":0,"masterInfluenceEdgeMinYPadding":0,"symbolID":"D0794033-CBF6-477F-A429-F4A00FB98BEF","verticalSpacing":0},{"_class":"symbolInstance","do_objectID":"0C3F8144-50D8-4C71-9CFF-B1228D7969EC","exportOptions":{"_class":"exportOptions","exportFormats":[],"includedLayerIds":[],"layerOptions":0,"shouldTrim":false},"frame":{"_class":"rect","constrainProportions":true,"height":51.85185185185185,"width":70,"x":100,"y":0},"isFlippedHorizontal":false,"isFlippedVertical":false,"isLocked":false,"isVisible":true,"layerListExpandedType":0,"name":"1","nameIsFixed":false,"resizingType":0,"rotation":0,"shouldBreakMaskChain":false,"userInfo":{"com.animaapp.stc-sketch-plugin":{"kModelPropertiesKey":{"constraints":{"model_version":0.1,"aspectRatio":{"constant":51.85185,"model_version":0.1,"enabled":1,"modelID":"constraint_b1655ab3-4977-4ca9-946d-57637c82dd7d","model_class":"ADModelConstraint","multiplier":70},"modelID":"viewConstraints_d592ba1c-d36f-4a56-ac1b-1c4c9bf93800","model_class":"ADModelViewConstraints","automatic":1}}}},"style":{"_class":"style","endDecorationType":0,"miterLimit":10,"startDecorationType":0},"horizontalSpacing":0,"masterInfluenceEdgeMaxXPadding":0,"masterInfluenceEdgeMaxYPadding":0,"masterInfluenceEdgeMinXPadding":0,"masterInfluenceEdgeMinYPadding":0,"symbolID":"6B8C761F-E33E-4833-8835-3678C7637E7D","verticalSpacing":0}]}],"horizontalRulerData":{"_class":"rulerData","base":0,"guides":[]},"includeInCloudUpload":true,"verticalRulerData":{"_class":"rulerData","base":0,"guides":[]}}